Car Name,Price,Mileage,Transmission,Location,Link
2020 RAV4 Hybrid Limited AWDRAV4 Hybrid Limited,"$31,998","73,500 km",Automatic,"6  km away  Downtown Toyota, Toronto, ON",https://certifiedtoyota.ca/en/vehicle-details.7e8a4781dafac2e5af17841c628f16b590dad57c851e865293eda06f7700f51407e5af0d7d38ba9de33d3416830ab6fa.html
2020 RAV4 LE FWDStandard Package,"$26,998","72,529 km",Automatic,"6  km away  Downtown Toyota, Toronto, ON",https://certifiedtoyota.ca/en/vehicle-details.cada31e8d003da90735dd98f63b2bff7673ba15aaf9db80c0de4dfef2ed6aaa891e8d9985e1a9627f5a9b1808b2b864a.html
2020 RAV4 Hybrid LE AWDStandard Package,"$32,998","117,948 km",Automatic,"6  km away  Downtown Toyota, Toronto, ON",https://certifiedtoyota.ca/en/vehicle-details.6cf3671b4450677acdc9cc1fb13bd03de58fa06ad8aedfbf96f156f3be80aeef16694662c6f78cc2a5f66dc20041979b.html
2020 RAV4 LE FWDStandard Package,"$27,588","82,749 km",Automatic,"6  km away  Downtown Toyota, Toronto, ON",https://certifiedtoyota.ca/en/vehicle-details.5e62cf7e43757649e0bd07197ecbcb7bf7fa93ac47b64c3f94872bf4acffb03f163db7c076cb7ac0853af8150c60e4e0.html
2020 RAV4 XLE AWDStandard Package,"$36,998","15,200 km",Automatic,"6  km away  Downtown Toyota, Toronto, ON",https://certifiedtoyota.ca/en/vehicle-details.f71f8b60ae1f31d383b7051b3559f167c915176f06fdf3d6392d6c28045f6eb6d381c8f0c005e0c1bd1561651b5019b1.html
2021 RAV4 Hybrid XLE AWDStandard Package,"$31,998","115,647 km",Automatic,"6  km away  Downtown Toyota, Toronto, ON",https://certifiedtoyota.ca/en/vehicle-details.ea3d49b2d766270039f85a1fb2c31a41d082a2c93199a9209f3a9a23e94b42a30f62573200a4eb8e2d1c7f2ff55aef4a.html
2021 RAV4 Hybrid XLE AWDXSE Technology Package,"$38,998","49,050 km",Automatic,"6  km away  Downtown Toyota, Toronto, ON",https://certifiedtoyota.ca/en/vehicle-details.f0070bb1917ead6a254ccf303a56f84b0123d0c83ef52bfe0612c984b850addefb239d0f4503969e2bdd17e776e998a2.html
2021 RAV4 XLE AWDXLE Premium AWD,"$31,588","104,087 km",Automatic,"6  km away  Downtown Toyota, Toronto, ON",https://certifiedtoyota.ca/en/vehicle-details.87941e31625bf97478880937f5b2bfba32dc5e02c0abdafac5d296ddefb9ac1708648371e194aeb696cfe998de72f208.html
2021 RAV4 XLE AWDStandard Package,"$35,998","15,552 km",Automatic,"6  km away  Downtown Toyota, Toronto, ON",https://certifiedtoyota.ca/en/vehicle-details.1045e99bd4be91659286aeb2ee731d1d8df720071ace8e0dd918464bf106d83a3c0f493a5599b6b7d2038495296d99b4.html
2022 RAV4 LE AWDStandard Package,"$33,998","19,360 km",Automatic,"6  km away  Downtown Toyota, Toronto, ON",https://certifiedtoyota.ca/en/vehicle-details.6cffcbe4ccd0e042cdee61973e3ac3c620b15c6fbd1e3e815d00a6868836161a527612251bc89d45577a89b12e5e3754.html
2022 RAV4 XLE AWDXLE Premium AWD,"$37,998","29,381 km",Automatic,"6  km away  Downtown Toyota, Toronto, ON",https://certifiedtoyota.ca/en/vehicle-details.97e6037a0b8b0bcd91947375a1df9f82de2d916315c2d0f9e082a0844cf7876ba314eba3cc5ed8ea95491f9537200a5e.html
2023 RAV4 Trail AWDRAV4 Trail AWD - Premium Colour,"$43,998","36,658 km",Automatic,"6  km away  Downtown Toyota, Toronto, ON",https://certifiedtoyota.ca/en/vehicle-details.426ee8219d5176ba2fd9b29f0502791e7d020facaea8f560350e1343b8df5c9d5d083ba5ae6c2bd318c12f4a6f970987.html
2023 RAV4 XLE AWDStandard Package,"$39,998","17,600 km",Automatic,"6  km away  Downtown Toyota, Toronto, ON",https://certifiedtoyota.ca/en/vehicle-details.454a11c54722275592c43c7cc84653fa80c1af28366e7f93295f72ac70975f780c34c9d07d29944c5763f0a44ea9822b.html
2020 RAV4 Trail AWDRAV4 Trail AWD,"$32,588","76,285 km",Automatic,"14  km away  Don Valley North Toyota, Markham, ON",https://certifiedtoyota.ca/en/vehicle-details.b5c85baeaf5a9e5903a14727e672b2afd46014a88100452bf1c586d81ed81af3f4d59b38548d81551e369c676958d40e.html
2021 RAV4 Hybrid XLE AWDStandard Package,"$39,588","27,358 km",Automatic,"14  km away  Don Valley North Toyota, Markham, ON",https://certifiedtoyota.ca/en/vehicle-details.2a0834e0ab4c3d94d4a9bd4a1769b073f4275b951ef9dbba0f8cc1a9ef149fd1a2a3b99b27c5ae0d8d3d7c3054eb08b6.html
2021 RAV4 Limited AWDStandard Package,"$37,188","51,487 km",Automatic,"14  km away  Don Valley North Toyota, Markham, ON",https://certifiedtoyota.ca/en/vehicle-details.4a041d008355cf1e052377face178b3336ca581041bb275b822cd2563689089e7dbc19bba406c481cb6892dd703477c2.html
2022 RAV4 XLE AWDStandard Package,"$35,588","43,843 km",Automatic,"14  km away  Don Valley North Toyota, Markham, ON",https://certifiedtoyota.ca/en/vehicle-details.c6d9957ccff9ed01a27948fde2d51e6634fcc5b45cfe49cbcd9e1be1fc61cc7bde0fba77a2047c949ac1d2d3018287b4.html
2022 RAV4 Hybrid LE AWDStandard Package,"$36,388","46,598 km",Automatic,"14  km away  Don Valley North Toyota, Markham, ON",https://certifiedtoyota.ca/en/vehicle-details.92d432c06dfcd49bc64a1be556281b2e9f95acfc16e055e3559ec9e541ff29fe089485e0aa5ace1a0912f1de7e34dfae.html
2023 RAV4 LE AWDStandard Package,"$34,188","13,060 km",Automatic,"14  km away  Don Valley North Toyota, Markham, ON",https://certifiedtoyota.ca/en/vehicle-details.84a4ae0cfe982df0ce41d8233be2b95a9d043507ec8f3109b4c66dd331660f7e6cc532dbfa4069eaaf619acbae2a8e2e.html
2023 RAV4 XLE AWDXLE Premium AWD,"$38,188","28,672 km",Automatic,"14  km away  Don Valley North Toyota, Markham, ON",https://certifiedtoyota.ca/en/vehicle-details.80c5e7c911c623b8a32aee01d38e8eebd06d229765db0d63b5c93f917a0b047de408c9c287383fafb92637f2725a292c.html
2023 RAV4 XLE AWDXLE Premium AWD,"$37,388","40,622 km",Automatic,"14  km away  Don Valley North Toyota, Markham, ON",https://certifiedtoyota.ca/en/vehicle-details.b6ded9a938052f0695accacd60d5cc8455a27a4456efc4256467a90df6cee1bb84db4fea0641ecdd8039c408f644bfee.html
2023 RAV4 Hybrid LE AWDStandard Package,"$35,888","75,130 km",Automatic,"14  km away  Don Valley North Toyota, Markham, ON",https://certifiedtoyota.ca/en/vehicle-details.abf614da8a3aa2fbc457b47e00a891561d6a8765204e41890135cf2a619fdc899684e6186942751fa32118f1db2fc0fc.html
2024 RAV4 Hybrid XSE AWDXSE Technology Package,"$48,188","50,603 km",Automatic,"14  km away  Don Valley North Toyota, Markham, ON",https://certifiedtoyota.ca/en/vehicle-details.72acb480240cb385a5f29712b9d90da169aa6b69f344878fa684176af92759477b71f5e5ee6dae9ba7b1b17f50cec812.html
2024 RAV4 Hybrid Limited AWDStandard Package,"$51,888","5,242 km",Automatic,"14  km away  Don Valley North Toyota, Markham, ON",https://certifiedtoyota.ca/en/vehicle-details.316a68093d5c30a388677bb9e5cae039e7672060de92007fa707e5e0f0124fc1b6b0f7c0ab073081442a66e0fecf2f9b.html
2024 RAV4 Hybrid XSE AWDStandard Package,"$47,998","27,920 km",Automatic,"14  km away  Don Valley North Toyota, Markham, ON",https://certifiedtoyota.ca/en/vehicle-details.544282cf271279b724483a3bcbc6e7aab7c557386517724c2115f0f2193a14bb407302ca1732038cb3800f515cc3c29b.html
2024 RAV4 Hybrid XSE AWDStandard Package,"$49,688","20,150 km",Automatic,"14  km away  Don Valley North Toyota, Markham, ON",https://certifiedtoyota.ca/en/vehicle-details.a72981f81439639cd8a3b6b57a366b1b60e6af87e02c45957cc1539dc6bfca91daa9e91e2c8a07160991b917359a36e8.html
2024 RAV4 Hybrid XSE AWDStandard Package,"$49,188","17,460 km",Automatic,"14  km away  Don Valley North Toyota, Markham, ON",https://certifiedtoyota.ca/en/vehicle-details.3b3d705b4c72088b66497f3286dc28ee45ed5f4f3a4f1a899d727338b23d81bbf7fe7b00d3465c5991d27d6e22ea2396.html
2018 RAV4 FWD LELE UPGRADE/OPTIONAL - 3T3 RUBY RED EXTERIOR,"$20,888","92,860 km",Automatic,"18  km away  Thornhill Toyota, Vaughan, ON",https://certifiedtoyota.ca/en/vehicle-details.932205e1c9f1722fa6e59e5a97f14ea8dddbfe769da5cfea0cb98d398b3102b69a9c9fd8b499fe272021b04e59efc762.html
2020 RAV4 XLE AWDStandard Package,"$32,888","11,932 km",Automatic,"18  km away  Thornhill Toyota, Vaughan, ON",https://certifiedtoyota.ca/en/vehicle-details.3366da45e27ae32447b5f8f811d20b3f675bd4903d559055fa625a708283d4b173c73ddf59f7889ca58589ab43753d81.html
2023 RAV4 Hybrid XLE AWDStandard Package,"$41,888","37,868 km",Automatic,"18  km away  Thornhill Toyota, Vaughan, ON",https://certifiedtoyota.ca/en/vehicle-details.82699723fd34e8889c2f3444f22a656bcdc1a77e833f5a5532bb4d45d08ff7096b59819f4758055a2acf427e9a91d973.html
2023 RAV4 Hybrid XLE AWDStandard Package,"$34,888","173,270 km",Automatic,"18  km away  Thornhill Toyota, Vaughan, ON",https://certifiedtoyota.ca/en/vehicle-details.20d669cf45e30f9c6259402d9663da7276ab3eb57f1ce6b9d6489313d0928c6e0ab00e7637e0855f0fe51956299ea808.html
2024 RAV4 XLE AWDStandard Package,"$36,888","70,100 km",Automatic,"18  km away  Thornhill Toyota, Vaughan, ON",https://certifiedtoyota.ca/en/vehicle-details.ceea9d28bb7cfc2f932b24ac5ddd4972c2cd239d339b654d1a435fe4da4b49959414c5ac8533c9f7a44a21238b0c2675.html
2024 RAV4 Hybrid LE AWDStandard Package,"$37,888","34,688 km",Automatic,"18  km away  Thornhill Toyota, Vaughan, ON",https://certifiedtoyota.ca/en/vehicle-details.de41c4ea98fd721e0a9e104cce34b491ad51c3980a34a1d82a0083fe3fbede2e8023e43a7a7ec19d2b5c1ae7dc4e240f.html
2024 RAV4 Hybrid XLE AWDStandard Package,"$40,888","69,021 km",Automatic,"18  km away  Thornhill Toyota, Vaughan, ON",https://certifiedtoyota.ca/en/vehicle-details.abf8fb947d769bff73f51d957ec901e64e4909f795ef888578544fb83f10cfa08f555b634d9fffde7ae2b5fa6dc997ca.html
2024 RAV4 Hybrid SE AWDStandard Package,"$44,588","14,627 km",Automatic,"18  km away  Thornhill Toyota, Vaughan, ON",https://certifiedtoyota.ca/en/vehicle-details.13b3e55dccb3ed424db2bca9377317ba5b592da91220fa8a0129a92db4567ed9ac2dbf22aa61554d3a4c3a5d0fea3d18.html
2024 RAV4 Hybrid XLE AWDStandard Package,"$43,888","13,123 km",Automatic,"18  km away  Thornhill Toyota, Vaughan, ON",https://certifiedtoyota.ca/en/vehicle-details.0196da10e9500e98ab908fb28b4474df997ec1880839b26dcbaab189fad2152c056711c0a1b76a16cc33f8c68f6c4e25.html
2025 RAV4 Hybrid XLE AWDStandard Package,"$46,888","3,800 km",Automatic,"18  km away  Thornhill Toyota, Vaughan, ON",https://certifiedtoyota.ca/en/vehicle-details.c0197d92904ee81c4a1d8b2cf25d358c55af002f2fa06bcf2fb1e41f17196f8ee1b912de638b2e3b82d2de3fc8bcf251.html
2021 RAV4 Limited AWDStandard Package,"$35,399","35,925 km",Automatic,"19  km away  Markville Toyota, Markham, ON",https://certifiedtoyota.ca/en/vehicle-details.5f6d9ca9a05485834556d87876259c75e482c0c6a0ac910c357f29ea781b23b0f0cdcdc5bbd460493d66c07660c94e90.html
2022 RAV4 XLE AWDStandard Package,"$36,388","17,397 km",Automatic,"19  km away  Markville Toyota, Markham, ON",https://certifiedtoyota.ca/en/vehicle-details.dc204eedbae4b6073376d2574e9d6efc8b3e8d49bae63bf1e211a4c557e6454606bb6b786628241a2763559e48ae411d.html
2022 RAV4 XLE AWDStandard Package,"$33,700","42,434 km",Automatic,"19  km away  Markville Toyota, Markham, ON",https://certifiedtoyota.ca/en/vehicle-details.977be031d03793731cb314c235183364d9e2c274fdc60c1b4da4dde3ca588e9670e5355806c88e406bc876f16f53595d.html
2023 RAV4 XLE AWDStandard Package,"$36,800","10,774 km",Automatic,"19  km away  Markville Toyota, Markham, ON",https://certifiedtoyota.ca/en/vehicle-details.7175d9ab1f4195262758574911c5a325ef6f9e505d698a4b9d7e2539c5a0a406ddfe0ff396601dbabb3a5c64dd4e55e0.html
2022 RAV4 Hybrid LE AWDStandard Package,"$35,500","52,755 km",Automatic,"30  km away  Stouffville Toyota, Stouffville, ON",https://certifiedtoyota.ca/en/vehicle-details.669adf05ad1d4fdb9448483e30ef6645e68f9dd8574055b677197e3e2a073dc5d2e1dd6738dbce1f03830f2272e10654.html
2022 RAV4 Hybrid XSE AWDStandard Package,"$39,500","60,833 km",Automatic,"30  km away  Stouffville Toyota, Stouffville, ON",https://certifiedtoyota.ca/en/vehicle-details.e2eede2af72245558de14db3107ee6eb733b4126645dc63b978826f9398f2e6c4c8385ea0434287c8ac3a0e59e65ae62.html
2023 RAV4 LE AWDStandard Package,"$35,500","26,260 km",Automatic,"30  km away  Stouffville Toyota, Stouffville, ON",https://certifiedtoyota.ca/en/vehicle-details.ad72e8291737cbdab4134a10ee5d45bbee207e78793b0f6551393de3a46748aaea6ad333df9dbdabe08e5ea0112b9855.html
2024 RAV4 Hybrid XSE AWDXSE Technology Package,"$55,500","8,509 km",Automatic,"30  km away  Stouffville Toyota, Stouffville, ON",https://certifiedtoyota.ca/en/vehicle-details.589e4cc32e76a428b25a58174d4e0c3bf42eaf16f7f4747ea78ce59687f6f9647058d94ace27d0384da695e9e966dd94.html
2020 RAV4 LE AWDStandard Package,"$27,900","85,516 km",Automatic,"33  km away  Whitby Toyota, Whitby, ON",https://certifiedtoyota.ca/en/vehicle-details.4db9c9ea8726609954e156d7b9931c23ce138c60b483cc9204615e45a81fd33dd182208509cd4fcdc51bc6d09be1dcce.html
2022 RAV4 XLE AWDStandard Package,"$33,500","96,759 km",Automatic,"33  km away  Whitby Toyota, Whitby, ON",https://certifiedtoyota.ca/en/vehicle-details.7b13a619507a36e68b2b9708cd5167601f924ec4f04ba6c4bb5ffb7ba0a0f7adec631ccd5d86e8b87c5512e261c45844.html
2022 RAV4 XLE AWDStandard Package,"$35,900","32,015 km",Automatic,"33  km away  Whitby Toyota, Whitby, ON",https://certifiedtoyota.ca/en/vehicle-details.ebe1845a659dc48d54ffe60cb1470c5cecf14db6ec103f199b24f5d406936f6db7cbd2e7dd97b29204daf5cb51434566.html
2022 RAV4 XLE AWDStandard Package,"$35,500","46,800 km",Automatic,"33  km away  Whitby Toyota, Whitby, ON",https://certifiedtoyota.ca/en/vehicle-details.d3b1749ccb5c2028f154d9374c3200be5b303d02ee09077967f04728a0cebf7166247398d842e3189c346910fd949d26.html
2023 RAV4 XLE AWDXLE Premium AWD,"$37,900","78,615 km",Automatic,"33  km away  Whitby Toyota, Whitby, ON",https://certifiedtoyota.ca/en/vehicle-details.137e9cd65a95aefb6687e4d58105984554af8a3f1b5c19583a5449f2982d4929fa31a439936a9419bf7977af20b2082b.html
2023 RAV4 XLE AWDXLE Premium AWD,"$38,900","40,926 km",Automatic,"33  km away  Whitby Toyota, Whitby, ON",https://certifiedtoyota.ca/en/vehicle-details.49c4b416d85a21d86d72ebfac28c18b05e79f2834ebc508d086ea36a716ffab41e8dc03c154486f8462416f00560ec1b.html
2023 RAV4 XLE AWDXLE Premium AWD,"$39,500","54,709 km",Automatic,"33  km away  Whitby Toyota, Whitby, ON",https://certifiedtoyota.ca/en/vehicle-details.e83b143a217b03d0bfe2462ac7e7093784e3faa887ee8f3cad4b70d74127121fe99016a887415a4673ac58bb634940c9.html
2024 RAV4 Hybrid XLE AWDStandard Package,"$44,900","18,211 km",Automatic,"33  km away  Brampton East Toyota, Brampton, ON",https://certifiedtoyota.ca/en/vehicle-details.64dd24d8100d3e4182b2dff9362fc58de88f848d1bb78ea0a70b06440895cf5312643464f353ba32c58e38dd1f4c9393.html
2024 RAV4 LE AWDStandard Package,"$35,500","17,295 km",Automatic,"33  km away  Brampton East Toyota, Brampton, ON",https://certifiedtoyota.ca/en/vehicle-details.0fb575786b48977739570322889566c03d3f1fd2e72fa2c64b2e968e2781ceeec1625a5efb6f7124adfcfe03f7a8bf3b.html
2024 RAV4 Hybrid XLE AWDStandard Package,"$49,900","7,593 km",Automatic,"33  km away  Whitby Toyota, Whitby, ON",https://certifiedtoyota.ca/en/vehicle-details.d3730bae0a192ecb5d9d494f1dfc8b59ce77ae2aaec9a7026d961fe0980052c98b0e9b3c7f6e7821a406ab07d386e106.html
2024 RAV4 Hybrid XLE AWDRAV4 Hybrid XLE Premium,"$50,900",538 km,Automatic,"33  km away  Whitby Toyota, Whitby, ON",https://certifiedtoyota.ca/en/vehicle-details.90e141c786daf9d6ee89d804e50a7d622a0c568c5f0a33774ee7e801c5ab4cc6f3cd9686f53405506c10cc65475f0ed1.html
2024 RAV4 Hybrid XLE AWDStandard Package,"$49,900","10,790 km",Automatic,"33  km away  Whitby Toyota, Whitby, ON",https://certifiedtoyota.ca/en/vehicle-details.dc97b9d74e5806672faf802718e8ccd65c98852cc34374595d4a3c908d86bcfae74e401cbd8ea89ae413893dcf8ee4e9.html
2022 RAV4 LE AWDStandard Package,"$34,982.50","24,726 km",Automatic,"36  km away  Erin Park Toyota, Mississauga, ON",https://certifiedtoyota.ca/en/vehicle-details.d056946fe59cb2f02d1b2d6eafa4fd7ed7809b316172aaef674515a4cc8b78d9c6120cccb65ddb1445e4bd3a23756c23.html
2022 RAV4 XLE AWDStandard Package,"$35,982.50","61,284 km",Automatic,"36  km away  Erin Park Toyota, Mississauga, ON",https://certifiedtoyota.ca/en/vehicle-details.4e273bf8057669e31315c9ef5470d1cc3c0fa6086ef2d3236f66758e482661881c0a4ba540e65afd480f82aff5c1ad80.html
2022 RAV4 XLE AWDStandard Package,"$36,982.50","25,991 km",Automatic,"36  km away  Erin Park Toyota, Mississauga, ON",https://certifiedtoyota.ca/en/vehicle-details.535ca8b156634f9ff09e66fc41709aff774544071ec220c8bf164432fa3feb9c4516f89b73f55687574ae532b13e864f.html
2024 RAV4 XLE AWDStandard Package,"$39,982.50","16,465 km",Automatic,"36  km away  Erin Park Toyota, Mississauga, ON",https://certifiedtoyota.ca/en/vehicle-details.11fbc8ddfb0a374c35722a3b05bed5956911e1b1835098fb83dc56283825d6ee24260ff34c69d022bec9dae590ccfef8.html
2023 RAV4 XLE AWDStandard Package,"$37,888","33,799 km",Automatic,"37  km away  Bolton Toyota, Bolton, ON",https://certifiedtoyota.ca/en/vehicle-details.0fef5f4591410cba5ec9b66a64c2996e6d0300a56132aca1f77e59dd715712efa749b4bf328207e4dc30c0b524dcf31b.html
2023 RAV4 Trail AWDRAV4 Trail AWD - Premium Colour,"$41,999","21,641 km",Automatic,"37  km away  Bolton Toyota, Bolton, ON",https://certifiedtoyota.ca/en/vehicle-details.b45efcf13c21452d9b5801e1b5ff42727c3ec96725ce08224e673c29b0968c6eb885a5fbc295a38719b4230eaf6fe2c7.html
2023 RAV4 LE AWDStandard Package,"$33,499","37,544 km",Automatic,"37  km away  Bolton Toyota, Bolton, ON",https://certifiedtoyota.ca/en/vehicle-details.01a6e78b99d85d51999b578c6dae2bb7d8988841f80d83f6b82f1951b97ec55b4f1a3ea71a2ac335b0c9427783f08fed.html
2024 RAV4 LE AWDStandard Package,"$35,299","20,599 km",Automatic,"37  km away  Bolton Toyota, Bolton, ON",https://certifiedtoyota.ca/en/vehicle-details.ac3de7c92866e2af19eaa41db84ae6d63e38add34b3145b1d47125363a05b542bce2df6eca84af3d719de7e6c6d35e91.html
2024 RAV4 Hybrid XLE AWDStandard Package,"$42,499","60,950 km",Automatic,"37  km away  Bolton Toyota, Bolton, ON",https://certifiedtoyota.ca/en/vehicle-details.b654bc65f3b3915769dc50527cdb6c9137cde41a482acd67405e00d498f00a34c2b191f0f9d3557ff5b0e8158580e68b.html
2023 RAV4 Hybrid XSE AWDStandard Package,"$45,995","44,856 km",Automatic,"40  km away  Attrell Toyota, Brampton, ON",https://certifiedtoyota.ca/en/vehicle-details.30b06b67b6618f25f5908bb0e4b06e1183477fee20a90cbffa73622e01f21b818577d2265d256f3c205574b824774e90.html
2021 RAV4 Hybrid XLE AWDStandard Package,"$38,258.50","58,383 km",Automatic,"47  km away  Oakville Toyota, Oakville, ON",https://certifiedtoyota.ca/en/vehicle-details.9c9201a437f06f1d92021216a1c63f0773b449bacbb601333cdb2d642aaf9f0dfaf7544abeab2b61760de221bef3fa7c.html
2022 RAV4 XLE AWDXLE Premium AWD,"$35,249.50","25,149 km",Automatic,"47  km away  Oakville Toyota, Oakville, ON",https://certifiedtoyota.ca/en/vehicle-details.b49acd3e01a451c5ae735f8c0639c8cbfd6d96e768762ace0cb1cfe1af36201cb42843bd6919236bc38e7e5088566695.html
2024 RAV4 LE AWDStandard Package,"$34,794","40,484 km",Automatic,"47  km away  Oakville Toyota, Oakville, ON",https://certifiedtoyota.ca/en/vehicle-details.07720bd830e6e4268d3b1dc02f7cf0459082254fdd08aff0b31a45a1f120cba3010e4f70749eb8402f6a659ca502cabc.html
2024 RAV4 LE AWDStandard Package,"$35,499","13,124 km",Automatic,"47  km away  Oakville Toyota, Oakville, ON",https://certifiedtoyota.ca/en/vehicle-details.371c1823d4096504e971161046a0716a6b52beac9ef030263f918128434497a1340c633fb91bd385a8dc007b86c3e279.html
2019 RAV4 XLE AWDXLE AWD,"$30,081.50","72,468 km",Automatic,"48  km away  Georgetown Toyota, Georgetown, ON",https://certifiedtoyota.ca/en/vehicle-details.7210b0b04a352a3ad62f1d651fc2680968fc4169df5812b8d9dc78d2342bfcd25ac68ce378ef99c03a168a71a6a57078.html
2023 RAV4 LE AWDStandard Package,"$36,081.50","24,146 km",Automatic,"48  km away  Georgetown Toyota, Georgetown, ON",https://certifiedtoyota.ca/en/vehicle-details.a3a47c6aa25e63d4213d3048e7560c3f3d37e5e6bc6d025c61fb78a9303b12ef1830b8042579cfaf6cf813362b63d74a.html
2020 RAV4 XLE FWDStandard Package,"$29,027","73,030 km",Automatic,"58  km away  Performance Toyota, St Catharines, ON",https://certifiedtoyota.ca/en/vehicle-details.03b919393623b7bbbd279e29a080cfe0bdb47d15d558091f331d87bcdd9e924c04cbc7348c8bc1c61f09b5cbbee6d50c.html
2020 RAV4 LE FWDStandard Package,"$27,027","53,225 km",Automatic,"58  km away  Performance Toyota, St Catharines, ON",https://certifiedtoyota.ca/en/vehicle-details.485816e2b5f10f9b59faef21bc8728800d05e920b942f94edf61394d45255a92a9644e4312284a6e95309436b7d1c8d5.html
2023 RAV4 LE AWDStandard Package,"$33,900","106,336 km",Automatic,"64  km away  Red Hill Toyota, Hamilton, ON",https://certifiedtoyota.ca/en/vehicle-details.e6ce13c9449bfc212cca524ac04b4a030359108cb8eae7c4425c477e1c1cf57a50a69fd16cc5f8c34f9bbfdc642843d4.html
2024 RAV4 XLE AWDStandard Package,"$40,800","14,880 km",Automatic,"64  km away  Red Hill Toyota, Hamilton, ON",https://certifiedtoyota.ca/en/vehicle-details.2f0d7be9d5c2661a5b5a8e934ed6f32ee2be2d8eb5e984b42c04eb92d5cf44b17ba4c2cae7e8961201fbbe5f7fa9112f.html
2024 RAV4 XLE AWDStandard Package,"$40,800","16,886 km",Automatic,"64  km away  Red Hill Toyota, Hamilton, ON",https://certifiedtoyota.ca/en/vehicle-details.b2d30a697f1e12ede319d03a378f9fc4da12000d19a5b1011878bbbfb2d88c5d9e7fed4fe362607b7b6b8b30677903c9.html
2023 RAV4 Hybrid LE AWDStandard Package,"$42,900","51,165 km",Automatic,"71  km away  Upper James Toyota, Hamilton, ON",https://certifiedtoyota.ca/en/vehicle-details.5ea1ab42365dc0745b77e711e589660fbfe3640593efdfd13614c4a864226bbbb0cf4154bb02c3b191b3f3e7c25b4891.html
2023 RAV4 XLE AWDStandard Package,"$36,900","25,521 km",Automatic,"71  km away  Upper James Toyota, Hamilton, ON",https://certifiedtoyota.ca/en/vehicle-details.fa6fabd4e1f83387da9ccbcdf7e0ff7f5347d35f013cae9ea6ea8727715a665481a1c59682ae4ec1f9848470bed4c1d3.html
2023 RAV4 Hybrid XSE AWDStandard Package,"$46,087","41,060 km",Automatic,"75  km away  Welland Toyota, Welland, ON",https://certifiedtoyota.ca/en/vehicle-details.5bf2254661e8651429aaad27d6415ffef50347ebb13a428d80659fc8773435cd35e42d650f10e95368c51b21afd97513.html
2023 RAV4 LE AWDStandard Package,"$33,687","58,474 km",Automatic,"75  km away  Welland Toyota, Welland, ON",https://certifiedtoyota.ca/en/vehicle-details.b5c7045978f0dc1c65f99d4978e52aad80a903b73b5c00e5ca62c75ce1a8564908f96e2668bfdc204e8abe6540535b74.html
2024 RAV4 Hybrid LE AWDStandard Package,"$40,187","37,203 km",Automatic,"75  km away  Welland Toyota, Welland, ON",https://certifiedtoyota.ca/en/vehicle-details.df3523008de5c53da514e634909bb03bda1c6852e8a9bde4e082925b9c55d74a1f6599bbb2073afe4c87ef14698e4a5d.html
2024 RAV4 XLE AWDXLE Premium AWD,"$41,687","10,563 km",Automatic,"75  km away  Welland Toyota, Welland, ON",https://certifiedtoyota.ca/en/vehicle-details.d43cd336fe98b1a45fc942cf98129ee0172aca12f028a7bad44ac0d5f72eebf2b1896a1779ee531cdc329ec723c1cbdd.html
2025 RAV4 XLE AWDXLE Premium AWD,"$42,187",725 km,Automatic,"75  km away  Welland Toyota, Welland, ON",https://certifiedtoyota.ca/en/vehicle-details.a59245e0db3292960c7991c674f3cb32014b8e1ebe17cc98de5aac4828a802313c1127e145c8efb0ac91fc1d2056f7c7.html
2024 RAV4 XLE AWDStandard Package,"$40,034.50","21,445 km",Automatic,"78  km away  Jackson's Toyota, Barrie, ON",https://certifiedtoyota.ca/en/vehicle-details.69a29b1efb5015b5bd233dbee93fb7221da7a6b1f0efe6b87dfeebfff6c64d31450dca6836e2bb268a83e2536ef5e0af.html
2023 RAV4 Hybrid XLE AWDStandard Package,"$40,984","47,793 km",Automatic,"79  km away  Orangeville Toyota, Mono, ON",https://certifiedtoyota.ca/en/vehicle-details.d98d2b6ad80553d56c05bc43fa9203cd8a84495080c1bc504fcfefca1f4b69629704a3270c65e9ece3d4b26bcecc849d.html
2023 RAV4 Trail AWDRAV4 Trail AWD - Premium Colour,"$41,998","33,391 km",Automatic,"79  km away  Orangeville Toyota, Mono, ON",https://certifiedtoyota.ca/en/vehicle-details.1f23a501781248353f140cf1a41854663fbcd93d83bcb1a6e4fb225301da3aac83d9841e3ef90ad435617515e4c9bb2e.html
2024 RAV4 Hybrid XLE AWDStandard Package,"$46,588","16,904 km",Automatic,"79  km away  Orangeville Toyota, Mono, ON",https://certifiedtoyota.ca/en/vehicle-details.5dd25f4d1de57bae4f6422e52aaa3419c075d1f442dd1896ed14f4da1891531d1b8f86f8177d38ba44d85abcf628e06f.html
2021 RAV4 LE FWDStandard Package,"$29,650.50","28,835 km",Automatic,"84  km away  Guelph Toyota, Guelph, ON",https://certifiedtoyota.ca/en/vehicle-details.f96d745313888ae1a0cacf42d592c967eb3ad2d3e17b194e1dd9310fb2d8d98073d4f4a9f2474ff1298dfc16089dc2ea.html
2021 RAV4 XLE AWDStandard Package,"$33,250.50","60,937 km",Automatic,"84  km away  Guelph Toyota, Guelph, ON",https://certifiedtoyota.ca/en/vehicle-details.d9cf54e6631ed9b2a85b92da27f4b9412a7e09225cd4fe195336ede336045b18c625b801fb9837dc31ea19a5479c2c14.html
2021 RAV4 Hybrid Limited AWDStandard Package,"$38,050.50","84,506 km",Automatic,"84  km away  Guelph Toyota, Guelph, ON",https://certifiedtoyota.ca/en/vehicle-details.8448f8666ccb23ab9f0b2abe0287162bb00b38584517564eb196385c74c4db80c6e250d5582db0c4f3397e6f2b2fc107.html
2023 RAV4 LE AWDStandard Package,"$33,450.50","66,691 km",Automatic,"84  km away  Guelph Toyota, Guelph, ON",https://certifiedtoyota.ca/en/vehicle-details.0acf650e3614bbaa708ff73a67a5433673bdc7678c799de3ff532c3a1affb4dcf9bf480f647fd4d4f04eee835d752d8d.html
2020 RAV4 XLE FWDStandard Package,"$28,995","69,975 km",Automatic,"92  km away  Bill's Toyota Sales, Fort Erie, ON",https://certifiedtoyota.ca/en/vehicle-details.d7cfe5238583ec27b421caeb9b012b7ac3781e34f171094582c7eba45c14a55981361ef9399468980bfe1f1a04b9116d.html
2021 RAV4 Hybrid LE AWDStandard Package,"$32,488","40,483 km",Automatic,"96  km away  Heffner Toyota, Kitchener, ON",https://certifiedtoyota.ca/en/vehicle-details.d6feea4586d0eff8dd9860b9a1499716a29c8c4029549eeedf41bee7744bb2a9141563bcac4f1a9ea0bb309ebb70c889.html
2022 RAV4 XLE AWDStandard Package,"$34,988","67,976 km",Automatic,"96  km away  Heffner Toyota, Kitchener, ON",https://certifiedtoyota.ca/en/vehicle-details.0f76764938b6d5957cc781bb2210c421adbf9983bde611e9b9aa2224c860b261119d932ca7cb90d2b4a931967e74d177.html
2022 RAV4 Trail AWDStandard Package,"$39,488","41,036 km",Automatic,"96  km away  Heffner Toyota, Kitchener, ON",https://certifiedtoyota.ca/en/vehicle-details.afe7b1e71990c53940e19e63f1664840ac7c691e098978362de2f95a9f4f94c1e1011363506c586bd6106507e8f8298c.html
2023 RAV4 Hybrid XLE AWDStandard Package,"$43,488","18,160 km",Automatic,"96  km away  Heffner Toyota, Kitchener, ON",https://certifiedtoyota.ca/en/vehicle-details.76b32e16d06ec90cef4f128d23bdeb131b19ec13f92ebff62275f05625683985764fc740ea8f584f8d8afad8b06fab13.html
2023 RAV4 Hybrid XLE AWDStandard Package,"$43,988","37,793 km",Automatic,"96  km away  Heffner Toyota, Kitchener, ON",https://certifiedtoyota.ca/en/vehicle-details.50f8c705aeffef1704340ba21ea053d9731cad50666ea226ed0cc63d2bfafe158cefa7fe2ff5b43515d812ec58f3f726.html
2024 RAV4 Hybrid SE AWDStandard Package,"$45,988","22,946 km",Automatic,"96  km away  Heffner Toyota, Kitchener, ON",https://certifiedtoyota.ca/en/vehicle-details.9dce20fa3982f6203e8b32588582b8d31fb2326b1e18f0845fe5083d9c1587cd279187f5486ecc220df46a132e376d5b.html
2022 RAV4 XLE AWDXLE Premium AWD,"$33,995","74,641 km",Automatic,"124  km away  Simcoe Toyota, Simcoe, ON",https://certifiedtoyota.ca/en/vehicle-details.256463962adb8f3645dd57792312e7eddf1ddf3f0d74beb4206f5810e15be565b2ab349864b9c5b2b799ba0def8e14d7.html
2023 RAV4 LE AWDStandard Package,"$33,995","54,866 km",Automatic,"124  km away  Simcoe Toyota, Simcoe, ON",https://certifiedtoyota.ca/en/vehicle-details.4a40e112b4781f71666d1d8c31b73500df448a54bb3c834c9b088f463470bec008bfb0811a339087adbe51b62745c474.html
2024 RAV4 Limited AWDStandard Package,"$43,995","50,001 km",Automatic,"124  km away  Simcoe Toyota, Simcoe, ON",https://certifiedtoyota.ca/en/vehicle-details.aa7ae1c68622d37d76b2e140c525c40f1769747a4d60413865ccf809c93d05c320f2bd005f96ba0c90b2a24d9321eb38.html
2022 RAV4 LE AWDStandard Package,"$31,995","78,462 km",Automatic,"125  km away  Midland Toyota, Midland, ON",https://certifiedtoyota.ca/en/vehicle-details.a24a5a1e731871ed5c5f1c4161d6d9f6a8102740006a58ac155345cf0a45b06ea301e0d6e6b5362bb646e1aeabb27f4e.html
2022 RAV4 Hybrid XSE AWDXSE Technology Package,"$43,488.50","36,892 km",Automatic,"156  km away  Walkerton Toyota, Walkerton, ON",https://certifiedtoyota.ca/en/vehicle-details.bc35c85b071c131816dd9325093b75acc8d58f7e41097cbf3190c4b7ec0b9125535ce16146bd2ffb6116496034e4c354.html
2023 RAV4 Hybrid SE AWDStandard Package,"$42,488.50","32,081 km",Automatic,"156  km away  Walkerton Toyota, Walkerton, ON",https://certifiedtoyota.ca/en/vehicle-details.592ef013d396dcf93b71361da50d1a5ef5e5a2229045864b6b65d67eae28576ad6c9d8842c72cb9c8148115ea656f657.html
2019 RAV4 Hybrid Limited AWDStandard Package,"$32,982.50","87,521 km",Automatic,"161  km away  Belleville Toyota, Belleville, ON",https://certifiedtoyota.ca/en/vehicle-details.cc6cd8b1cea6a06b55b75f970d553eb0c6353a3b13e21ec1c753f20baa9f745f4403fb118be745afb3c29bc20f7a3c42.html
2022 RAV4 XLE AWDStandard Package,"$35,982.50","43,643 km",Automatic,"161  km away  Belleville Toyota, Belleville, ON",https://certifiedtoyota.ca/en/vehicle-details.0b4bc8edb98ac37ac850b0be23233bdd4637b6c1cef1e1aa4bff5319484305e0744ead9deffb18198c954363353e0324.html
2023 RAV4 XLE AWDStandard Package,"$36,982.50","57,170 km",Automatic,"161  km away  Belleville Toyota, Belleville, ON",https://certifiedtoyota.ca/en/vehicle-details.d4a8987a59d32d02955965caf11281b96d5d8791655e9977dfcf684de523223b2461246ee9dfa1dfffe8e4a066805cc6.html
2023 RAV4 Hybrid Limited AWDRAV4 Hybrid Limited - Premium Colour,"$46,982.50","24,840 km",Automatic,"161  km away  Belleville Toyota, Belleville, ON",https://certifiedtoyota.ca/en/vehicle-details.44453d11a1386c9466fdb572bfe1ba7f0770fde8de395c7bbb082528bbff6811ade79b56c69330a618b7c543a189cad2.html
2024 RAV4 XLE AWDStandard Package,"$37,982.50","34,811 km",Automatic,"161  km away  Belleville Toyota, Belleville, ON",https://certifiedtoyota.ca/en/vehicle-details.14fdc1a5612509b8c3afa1d15a3abb536af488c0894d2ce5b59820eb0a9324259cc46b125c8c01a05a404acf42ec7a8d.html
2021 RAV4 Hybrid Limited AWDStandard Package,"$38,998","78,347 km",Automatic,"180  km away  Toyotatown, London, ON",https://certifiedtoyota.ca/en/vehicle-details.ba4c7c2ff300be34c398cd63c76fa427f30eea58531a41404f2142f22b174e7f3c32d13c2f28ce4d3cfc834ec7738876.html
2021 RAV4 XLE FWDStandard Package,"$31,998","25,258 km",Automatic,"180  km away  Toyotatown, London, ON",https://certifiedtoyota.ca/en/vehicle-details.702882e1ae270baaa863c903d832fb2abd8d948b245db957d0a2bad37146f3fd1911ffb604d425d803314e26ae175613.html
2021 RAV4 XLE AWDXLE Premium AWD,"$33,998","75,323 km",Automatic,"180  km away  Toyotatown, London, ON",https://certifiedtoyota.ca/en/vehicle-details.a405ce80b58702f2d52a06d5ce336a779939b573bb7d8ec0b645817d7c225f0f465e309fe8015f95828ac8ebf9415b59.html
2022 RAV4 LE FWDStandard Package,"$33,998","6,673 km",Automatic,"180  km away  Toyotatown, London, ON",https://certifiedtoyota.ca/en/vehicle-details.e2506944678a8e144f4d802d931538e32b1f6b02cbaf33f9a5dced8c50e549c65198bc5201a7b5d0be30ecab419cb1d9.html
2022 RAV4 LE FWDStandard Package,"$32,998","39,074 km",Automatic,"180  km away  Toyotatown, London, ON",https://certifiedtoyota.ca/en/vehicle-details.8a8a733ad4bdbb691a2c2f7168dd6b5461830a891bb7d04d23fb51100ffe3c7acf319207a608750e3323cb6bd1e83a32.html
2024 RAV4 LE AWDStandard Package,"$35,998","33,927 km",Automatic,"180  km away  Toyotatown, London, ON",https://certifiedtoyota.ca/en/vehicle-details.00010b867bdbb14e42bc3e45185a7a89725b15f364bdef21207b07d8f7f3cee94fb055773848ae7adb28ce2be4856d52.html
2021 RAV4 LE FWDStandard Package,"$28,852","55,325 km",Automatic,"294  km away  North Bay Toyota, North Bay, ON",https://certifiedtoyota.ca/en/vehicle-details.2dbb9f5b5287337ae729841f094c1883e267960d8112589b2f8681792bd0760f58943dcfad677d4cb0d22fc1e48b0cb6.html
2023 RAV4 XLE AWDStandard Package,"$38,888","39,024 km",Automatic,"333  km away  Eastway Toyota, Windsor, ON",https://certifiedtoyota.ca/en/vehicle-details.1c2b6aaff2a3eb33153e395eb3246ba2c8aa336a939bd258b4aae615713a21845de5107a13e93934e8eb8d8cdf83b53e.html
2023 RAV4 Hybrid LE AWDStandard Package,"$39,436","18,476 km",Automatic,"337  km away  Tony Graham Toyota, Ottawa, ON",https://certifiedtoyota.ca/en/vehicle-details.bdd2db13c7e835cf8902369ddd6e4ec85c53e140f488e247695115550a3f25a05230b5dda52b337c7e57ffb487cb71ee.html
2024 RAV4 XLE AWDXLE Premium AWD,"$40,436","47,403 km",Automatic,"337  km away  Tony Graham Toyota, Ottawa, ON",https://certifiedtoyota.ca/en/vehicle-details.e4dca8760a27dedd15bcafc04d0a96a04793ebce4180de3c49e95414e90b10d9c61aa34b321650f5e7f8a04775c18076.html
2019 RAV4 XLE FWDXLE FWD,"$26,888.50","95,471 km",Automatic,"348  km away  Bel-Air Toyota, Ottawa, ON",https://certifiedtoyota.ca/en/vehicle-details.799c0e545c3f054b30d8c29bce016527a3399d31974d3c0fc3b93c4a08e653aa6436de8c99b3989822fa54bccbef3aaf.html
2022 RAV4 XLE AWDStandard Package,"$33,888.50","84,737 km",Automatic,"348  km away  Bel-Air Toyota, Ottawa, ON",https://certifiedtoyota.ca/en/vehicle-details.d85323912237c166588391f041250431df43d9a7b247bdfe255342da936790fe2e0915f51aff0457e54045bded41c04e.html
2022 RAV4 LE AWDStandard Package,"$31,888.50","81,144 km",Automatic,"348  km away  Bel-Air Toyota, Ottawa, ON",https://certifiedtoyota.ca/en/vehicle-details.afcfb5bc31f9f0d8e8aa729545bcc274ecb61d0faf4ffd9763ac9a518876c04c116dc3133c411a5105b149d26a899b68.html
2022 RAV4 LE AWDStandard Package,"$31,888.50","82,042 km",Automatic,"348  km away  Bel-Air Toyota, Ottawa, ON",https://certifiedtoyota.ca/en/vehicle-details.a50604960703ebea269e04f665acd4b512fbed9256dac8f645f231c8cb62dab28cf4d915ab3de786e2a2d85844a33323.html
2022 RAV4 LE AWDStandard Package,"$31,888.50","83,673 km",Automatic,"348  km away  Bel-Air Toyota, Ottawa, ON",https://certifiedtoyota.ca/en/vehicle-details.a50bed700a149bee455c8312e105c8c738f0aba0083473a6033892596b3d6889cb498f013d64a5880a6d704f6bad07ec.html
2022 RAV4 LE AWDStandard Package,"$31,888.50","78,375 km",Automatic,"348  km away  Bel-Air Toyota, Ottawa, ON",https://certifiedtoyota.ca/en/vehicle-details.a7325f66cb725c0668bf6603f3067b15e4e331ca825add50a2a5a7d3c2656d449ee93e6c1da91162a73d0bde57b33cc0.html
2023 RAV4 LE AWDStandard Package,"$31,888.50","82,632 km",Automatic,"348  km away  Bel-Air Toyota, Ottawa, ON",https://certifiedtoyota.ca/en/vehicle-details.f92f479dfc6838da76a70588cce791ac7d3df510db3d92c5067addf6bec6666c25970790c6f5f01779433b5323175471.html
2024 RAV4 Limited AWDStandard Package,"$45,888.50","38,967 km",Automatic,"348  km away  Bel-Air Toyota, Ottawa, ON",https://certifiedtoyota.ca/en/vehicle-details.f22263d4259cf50852d4d09fee910cdeff5af03af9edccb3585db06f5b623abd9abdb5a147b7eeb20bf92d89acb5e69c.html
2024 RAV4 Hybrid XLE AWDStandard Package,"$45,888.50","13,908 km",Automatic,"348  km away  Bel-Air Toyota, Ottawa, ON",https://certifiedtoyota.ca/en/vehicle-details.dc52937abbd29b4b28066d657ea337a0d50ef402aa20aaeadd8365836da40e0afce0b34c7d333e88c41972911026a728.html
2019 RAV4 XLE AWDXLE AWD,"$26,495","107,800 km",Automatic,"429  km away  Hawkesbury Toyota, Hawkesbury, ON",https://certifiedtoyota.ca/en/vehicle-details.840049d53e81a56e51a00017a59f9636d91fafaeb5dac2e930dd98512e302dbf5e515ee9cd48172c780451188c9ff10d.html
2023 RAV4 LE AWDStandard Package,"$33,495","47,401 km",Automatic,"429  km away  Hawkesbury Toyota, Hawkesbury, ON",https://certifiedtoyota.ca/en/vehicle-details.1bdddc3767e14ed5a910e6a0c9230af911517aa39b671736358685fce8bb7fe045806c809d6715d3a11219592daf7f70.html
2021 RAV4 Hybrid Limited AWDStandard Package,"$35,982.50","123,512 km",Automatic,"930  km away  Wayne Toyota, Thunder Bay, ON",https://certifiedtoyota.ca/en/vehicle-details.0e213cc699885a63959dbcb9985ef833e4db65bb13e40a22dfdb1b168f26e815fb8452af2e0cf8bdde4b8d7570ae24f4.html
2022 RAV4 Trail AWDStandard Package,"$39,982.50","63,106 km",Automatic,"930  km away  Wayne Toyota, Thunder Bay, ON",https://certifiedtoyota.ca/en/vehicle-details.b3223948bfcebbd3fdf4c3cbb10bb7bef7f674e17f8bcc1f0b0769089ad72bafe4cdd80cc5663a04b06c20644ce6519b.html
